메뉴,가격
[맛있닭] 명실상부 No.1 닭가슴살 스테이크! 추가 증정 EVENT★,"13,900원"
맛있닭 스테이크 오리지널 1팩,"1,390원"
[잇메이트] 지방 DOWN↓ 단백질 UP! 닭가슴살 소시지 & 추가 증정,"17,250원"
[러브잇] 염분 낮추고 지방함량 줄인 소프트 닭가슴살 & 추가 증정,"15,900원"
[잇메이트] 입안 가-득 퍼지는 부드러움! 스팀 닭가슴살 & 추가 증정,"20,850원"
[맛있소] 부드러운 프리미엄 소고기 스테이크 25% 할인 & 추가 증정,"24,000원"
[신선애] 깨끗하고 부드러운 생 닭가슴살 최대 37% 할인,"7,800원"
[잇메이트] 단백질 평균 25.9g! 훈제 닭가슴살 & 추가 증정,"18,750원"
[잇메이트] 든든하고 맛있는 닭가슴살 현미 볶음밥 & 추가 증정,"21,400원"
☆9주년 기념☆ 랭킹닭컴 BEST 패키지,"29,000원"
"[맛있닭] 체중 조절 식단 닭가슴살 다이어트 도시락 구매 시, 증정 EVENT!","19,500원"
[잇메이트] 부드러움이 So Much! 소프트 닭가슴살 & 추가 증정,"20,850원"
[맛있닭]  스팀 공법으로 속살 촉촉! 스팀 닭가슴살 & 추가 증정,"15,500원"
[러브잇] 촉촉함이 가득! 슬라이스 닭가슴살 25% 할인 & 추가 증정,"14,500원"
★9주년 FLEX★ 맛있닭 스팀 & 소프트 닭가슴살 10+1,"15,500원"
"[잇메이트] 색다른 부드러움, 소프트 닭 안심살 & 추가 증정","17,700원"
"[베스틱] 국내산 닭가슴살 소시지, 최대 32% 할인! & 추가 증정","19,500원"
[맛있닭] 새롭게 만나는 부드러움! 소프트 닭 안심살 10+1 & 추가 증정,"17,900원"
"[맛있닭] 맛있고 든든한, 닭가슴살 브리또 10+1 & 추가 증정","21,900원"
[1am] 0kcal 탄산 음료! 스파클링 워터 24+1★,"6,900원"
[맛있닭] 맛있는 식단 관리의 시작! NEW 다이어트 도시락 & 추가 증정,"19,500원"
"[네이처엠] 두 번 구워 더 맛있는, 아이스 군고구마 25% 할인!","13,300원"
"[맛있닭] 쫀득한 식감이 살아있는, 닭가슴살 볼 & 추가 증정","16,900원"
[맛있닭] 부드럽고 촉촉한 소프트 닭가슴살 & 추가 증정,"17,900원"
"[러브잇] 닭가슴살 스테이크 10팩 9,900원 & 무료배송","9,900원"
[맛있닭] 칼로리 부담 없는 곤약미! 닭가슴살 한끼 볶음밥 & 추가 증정,"19,500원"
[잇메이트] 부담없이 맛있는 소스가 듬뿍! 슬라이스 소스 닭가슴살 & 추가증정,"19,900원"
"★9주년 FLEX★ 베스틱 닭가슴살 소시지 & 꼬치 구매시, 어묵떡볶이 증정!","13,900원"
"[맛있닭] 속까지 가득 채운 맛있는 요리, 닭가슴살 한끼 스테이크 10+1 & 추가 증정","17,900원"
[잇메이트] 수제 버거의 느낌 그대로! 닭가슴살 버거 10+1 & 추가증정,"17,000원"
"[신선애] 냉장육보다 부드러운 맛, IQF 생 닭가슴살","7,900원"
"[맛있닭] 흡수가 빠른 고급 WPH, 프로틴 훈제 닭가슴살 & 추가 증정","16,500원"
[1am] 포만감 가득한 5kcal! 하루하나 곤약젤리,"7,900원"
[맛있닭] 좋은 재료로 만든 바삭함! 닭가슴살 크리스피 한끼 핫도그 & 추가증정,"17,900원"
[1am] 신선함 가득! 알뜰 데일리 샐러드 & 추가 증정,"9,500원"
"[닭대리살균난백] 1kg 당 국내산 계란흰자 한판, 살균난백 최대 47% 할인","11,900원"
[치품닭] 치즈 품은 닭가슴살 스테이크 & 추가 증정,"15,900원"
"[잇메이트] 한 입에 쏙~ 탱글탱글, 닭가슴살 어묵볼 10+1 & 추가 증정","18,900원"
[잇메이트] 직화그릴로 더 맛있는 닭가슴살 스테이크 & 추가 증정,"17,850원"
[프레쉬홈] 신선하고 간편한 1일1샐의 시작! 실속 이지 샐러드,"9,500원"
